run,blanks,jan20_slope
run1,7.096666667,0.2317
run2,25.14333333,
run3,11.6125,
run4,47.074,
run5,18.845,
run6,5.1,
run7,3.39,
